text;label
А не посоветуете плиз курсы по библиотекам анализа данных? Или их просто на базовом уровне достаточно знать?;1
А питон разве не надо знать до курса? Не посоветуете курс для быстрого изучения? И нужно ли знать матстат на хорошем уровне?;1
Всем привет! Можете посоветовать какой-нибудь ноутбук/курс или что-то такое, что могло бы помочь решать простенькие задачи NLP. Без углубления в теорию, пока на это времени нет 😢;1
"Всем привет!
Кто-нибудь изучал postgreSQL? Где изучали? Есть ссылки на курсы, книги и тому подобное? Буду благодарен за любую инфу.";1
"Всем привет,
Посоветуйте, кто знает, какие нибудь бесплатные курсы/плейлисты/книги и тд по анализу временных рядов с помощью dl.
Заранее спасибо";1
"Доброго денёчка, подскажите, пожалуйста, кто-то в курсе, где взять нормальный курс (цена- качество) по 3D дженералистике? 
Поюзал пайтон, получил сертификат первый. Вообще не зашло мне. Хочу уйти в графику, может есть советы полезные у кого-то ?";1
"Добрый день!
Какие ещё курсы по pytorch посоветуете.
Ребята советовали Samsung на Степике. Или не размениваться и сразу Курсера от монстров?
При всем уважении к DLS. Мне кажется часть тем, с размерностями тензоров и пр., освещена не очень подробно";1
Друзья, подскажите, пожалуйста, курсы на Степике по Html, Css, JS, подробные и с практикой желательно;1
есть кто знаком с дата кэмпом?какой курс по ml и ds посоветуете ?;1
И какие курсы посоветуете пройти / почитать литературу до курса?;1
Какие курсы можете посоветовать по екселю для аналитиков?;1
Какое минимальное количество курсов можете посоветовать по Data Science из степика и юдеми, чтоб можно стартовать на кеглах?;1
Круто, я тоже планирую платные курсы с платным степиком совсестить. Потому что после прохождения бесплатных пробников на яп, пончяла что курсы нужны для корочки, а знания прицдется искать самостоятельно;1
"Может кто посоветовать :желательно: очные курсы по нейроморфным ML моделям?
Пример названия: «Нейроморфные ML модели» / «Мозг и ML».";1
Может кто-то посоветовать хороший курс на степике для того чтобы была вся база по математике для анализа данных?;1
Может, кто-то видел или может посоветовать курсы, где есть подобные задания и проекты, но на прогнозирование спроса/доставки/необходимого производства тех или иных продуктов. Идеально - для балансовых задач;1
"Подскажите пожалуйста. Я прошел курс для новичков. Стоит ли мне начинать курс для продвинутых? Или вы посоветуете пройти курс от другого автора? Может кто-то подскажет на личном опыте?
Спасибо заранее)";1
Посоветуйте курс или статью по PyQt5, толковую. Все что нахожу - не структурно информацию подает…;1
Посоветуйте, пожалуйста, курсы, по которым можно дальше изучать МО, после прохождения 2 курсов от dls. Чтобы примерно понимать в какую сторону дальше двигаться 🫠;1
Привет! Если чат ещё живой, посоветуйте плиз курсы по big data, может быть, есть зарубежные или за деньги?;1
"Приветствую, дорогие друзья! Подскажите, пожалуйста.
Решила к своему др инвестировать в свое обучение, раз сейчас на Степике скидки на курсы: от Поколения Python (ООП и для профессионалов), а также есть пакет из 8 курсов ""Профессия Python-разработчик"". Кто проходил эти курсы, могли бы вы написать отзыв? И стоит ли брать сейчас, когда я только начинаю курс для продвинутых, параллельно изучая Frontend?";1
"я потерялась в нашей переписке и не могу найти инфу. 
Кажется, я спрашивала у тебя как-то про бесплатные курсы по питону и ML, можешь, пожалуйста, посоветовать что-нибудь?";1
Я тоже с нуля. Планирую в дальнейшем пройти обучения на аналитика данных, этот курс посоветовали  как вариант с чего начать знакомство в этой сфере);1
Привет, хочу сменить род деятельности и пойти в it. Но не могу выбрать направление, может поможет кто советом ?;1
"всем привет! можете пожалуйста подсказать, я учусь на 2 курсе специальности "" компьютерные системы и комплексы"" , очень погрузился в веб разработку, она мне безумно понравилось, сделал свой хороший ( как по мне) сайт , но я хочу дальше развивать это направление и начать зарабатывать, как можно найти клиентов и что-то в этом духе?";1
Доброй ночи. Какие либы вы считаете самыми важными, которые стоило бы учить новичку в рн?;1
"Так я так и делаю. 
Просто курсы там, программирование в целом хоть как-то. 
Вот в направлении не могу определиться, учу всё, что движется, чуть позже будет, ясно, думаю";1
"Короче, самоучка.
Думаю купить слив курсов, не знаю, обман или нет, но рискнуть можно";1
Всем привет, хотел бы поинтересоваться, есть ли курсы в сфере computer science (на ознакомительном уровне) + ии технологий, но не на уровне разработчика, а скорее пользователя или предпринимателя, хотелось бы внедрить в свой бизнес различные технологии, но в этом нет опыта и навыков, хотелось бы научиться видеть возможности внедрения и в будущем брать разработчиков, для этого хотелось бы знать базу этих вещей, чтобы приближенно разговаривать на одном языке со специалистом, возможно 2 отдельных курса;1
привет всем. с кем можно пообщаться по теме веб розроботки. интересует где брать задания для проектов чтоб легко и быстро учится;1
Я только учусь верстать и мне не к кому обратиться по поводу некоторых вопросов. Есть тут люди которые могут на досуге подсказать по поводу адаптивной вёрстки?;1
Что нужно сделать чтобы стать full stack разрабом?;1
Всем доброго дня. Я хочу начать писать бэкэнд, и потом потихоньку переходить на фуллстэк. Времени у меня много, но как начать не знаю. В инете норм информации я как-то не нашел(или плохо искал). В общем, с чего начать учить бэк;1
Здравствуйте, может кто нибудь брал курс full stack или какой нибудь другой курс в  goit, подскажите стоит ли брать ?;1
Добрый день, друзья, немного оффтоп наверное, но что посоветуете в начале пути джангу или фастапи?;1
Ну говорят хорошая книжка, да просто вклиниться хочу в это с нуля без воды, без лишнего, чтобы побольше кейсов с практикой было;1
Что-то сложно. Если так, тогда вопрос, Traefik нормальное сейчас решение для изучения? Где-то пишут HAProxy типо лучше (хабр);1
"Привет! Недавно начал изучать Django — прохожу курс, читаю документацию, смотрю видео. В первое время использовал ИИ для код-ревью, но постепенно стал замечать, что начинаю находить более точные и уместные решения самостоятельно. Смотрел чужие репозитории и простые проекты, но это мало дало. Базовые вещи уже усвоил, а вот в деталях, порой в архитектуре, чистоте кода и поиске оптимальных решений пока не уверен.

Сейчас пишу свой первый проект, активно использую тестирование, документирую свои решения и структуру проекта, стараюсь думать наперёд. Copilot помогает, но, как и положено, остаётся «вторым пилотом». Хочу вырасти до того уровня, где не просто работает, а работает правильно.

Вопрос к тем, кто уже прошёл этот путь: как развиваться дальше? Где искать обратную связь? Как научиться писать действительно чисто и по уму?";1
хочу учиться :);1
"Всем привет!
Готов поучаствовать в Ваших проектах на Джанго";1
Подскажите, на FastAPI делаеться весь бек веб продукта? И сколько нужно учить фронт(React или Vue например) чтобы стать fullstack разработчиком.;1
Моя цель учиться работать в команде и начинать понимать процессы разработки как в реальных ситуациях;1
Как учить Celery? ОТкуда инфу брать;1
"Всем здравствуйте 
Подскажите, по каким источникам лучше изучать drf?";1
Какой проект написать на DRF для резюме на джуна? Какие технологии в идеале там использовать?;1
Здарова парни, подскажите хорош9ий курс Для изучения DRF;1
Посоветуйте есть по qa лекции на youtube но без воды и для девочек?;1
Всем доброго времени суток, изучаю джанго на данный момент имею знание на уровне создание простого crud приложения, но сейчас столкнулся с с такой проблемой - Джанго очень огромный фреймворк очень много информации и в голове просто ничего не задерживается, посоветуйте может для начало выбрать какой нибудь фреймворк по меньше и потом вернуться к Джанго  или как быть посоветуйте пожалуйста?;1
хорошо а есть курсы которые вы бы посоветовали;1
всем привет как начать создавать сайты CSS и HTML знаю плохо но хочу создавать с использованием пайтона;1
В смысле у меня реально ступор, не могу понять с чего начать. Мне не нужна информация, о классах и самом Джанго, больше общие рекомендации.;1
Где бест практис найти;1
"Всем добрый вечер!
Недавно начал заниматься созданием проектов на джанго. В принципе фреймворк достаточно прикольный, есть фишки которые мне нравятся.
Правда есть момент с авторизацией и аутентификацией (JWT) пользователей, то-есть трудно даётся оформление этой системы.
Может кто подсказать какой-то материал который поможет создавать данный функционал без особого труда?";1
я считаю что джанго это может и популярный веб фреймворк на python, но не могу понять как лучше создавать или выбрать тестовые проекты, чтобы по практиковаться;1
Парни, можете посоветовать , какой-нибудь хороший ресурс или книгу для изучения drf;1
Всем привет! Хочу пройти курс по JavaScript за денежку. Не посоветуете конкретный вариант? Особенно интересует курс для тех, кто уже знает бэкенд. ;1
добрый вечер. хотел бы узнать, какой яп лучше всего учить? мне интересен бекенд, и создание приложение. в приоритете бекенд есть ли какие нибудь фри курсы, где действительно годно объясняют мат часть?;1
Можете сказать какие  нибудь бесплатные видеокурсы по фронтенду?;1
Как начать разбираться в сфере айти;1
Всем привет Я начинающий программист,подскажите с чего начать?;1
Всем привет. Меня зовут Кирилл. Есть просьба. Мне 17 лет, учусь в колледже на 2 курсе по специальности Обеспечение информационной безопасности автоматизированных систем. В сфере IT примерно полтора года. Я обучаюсь не только в колледже, но и прохожу различные курсы. Очень хочу попробовать поработать, получить опыт. Если есть в чате которые готовы помочь, там найти стажировку-работу, был бы очень благодарен;1
"Добрый день!
Прошу порекомендовать курсы или переподготовку, профессия Системного аналитика.
К сожалению, базы IT на данный момент нет. Из бэкграунда - прокачанные навыки excel, BPMN, знакома с методологиями разработки.
Сейчас всё пестрит курсами Яндекс Практикума, Skillbox, Нетология и т.д. Возможно, есть что-то не столь популярное, очень хочется взять что-то достойное. Прошу порекомендовать, если проходили что-то по смежным направлениям 🙏";1
"Всем добрый день!! Кто не будь может проходил такие курсы: Python разработчик с нуля от Skypro, python разработчик расширенный курс от нетология, Python разработчик с нуля от Eduson Academy, Python разработчик от слёрм.
Буду рад правдивым отзывам!!
Просто мне оплачивают курсы предложили вот эти на выбор!
Всем за ранние спасибо!";1
Я просто думал может на курсы куда-то записаться или что то типо этого;1
вопрос по материалу в питоне есть ли какой то порядок по изучению? если я щас с основ пойду в дату сайнс;1
Ребят пожалуйста дайте ос. Насчёт онлайн-курсов что действительно из этого помогает, и стоит ли на это тратить время и деньги?;1
предложи какой-то интересный проект, на пайтоне. апи, тг и подобное. спасибо за ваше предложение;1
"Всем привет👋 Подскажите какой бесплатный курс по Python лучше выбрать начинающему программисту? 

И какой редактор кода лучше скачать?";1
"Люди, добрый вечер. 
Хотел бы узнать, что заключается основой или же базовым знанием питона? 
Чтобы хотя бы было понимание. Сделать того же самого простенького бота в тг? 
Ибо не понимаю, с чего именно начать изучение, если это можно так назвать)";1
Ребят, полный ноль в питоне, с чего начинать, какие гайды начать читать или смотреть, чтобы понять основы и так далее;1
Дайте тогда какие нибудь авторитетные онлайн платформы, где есть четкая программа обучения, был бы благодарен, если у вас есть время.;1
Народ кто нибудь вышел разработчиком с skillbox, если да, ответьте пожалуйста, хочу понять стоит ли вообще там учится. Я как бы базу сам начал осваивать, но думаю хорошие онлайн курсы не помешают;1
Привет народ, кто нибудь может дать ссылку на хороший развернутый курс по питону, вся его база. После которой можно будет изучать backbend и frontend. И есть ли дальше после базы хорошие курсы на фулстэк разработчика и все это в бесплатном доступе?;1
Привет всем, дайте материал с базами Пайтона. Я новенький;1
Хочу начать изучать пайтон. Подскажите, с чего начать?;1
Всем привет! Я новичок, который только недавно начал изучать Python. Дайте, пожалуйста, советы для быстрого изучения и понимания этого ЯП. Спасибо!!;1
Так дай ему нормальный курс, если ты знаешь его конечно, который закроет все его вопросы. А сказать скачай слив скилбокса может каждый. Тем более что качество там не факт что окей;1
люди, можете подсказать, я учу неделю HTML/css/js, и хотел бы спросить у вас, а какие теги вообще в целом используются в создании сайтов, ото встал на одном месте, и хз что учить;1
Здравствуйте можете посоветовать видео курс для верстки на html;1
Ну вот я пока не могу определиться, что выбрать js или пт и стек какой там, джанго не джанго,фаст апи, нод жс, микросервисная архитектура. Что там вообще надо знать;1
Знаете курс/книгу с достаточно полным объяснением DRF? Буду рад, если поделитесь, а то я только по азам шарю;1
Хаюшки можете подказать хорошие ресурсы для изучения докера и докер компоса(Я ними работал но не понял их достаточно хорошо), желательно не доку мне показалась она не особо хорошей;1
Думаю взять пока пайтан и js;1
"Может да а так 
все интересно не могу определиться что мое";1
Дайте, пожалуйста, совет: как не потерять мотивацию при изучении программирования? Учусь уже два месяца, но прогресс медленный.;1
React или Vue для новичка? И посоветуйте бесплатные курсы.;1
UX/UI — хочу вкатиться! 😅 С чего начать? Курсы, книги? И как потом с портфолио быть?;1
Вижу кучу курсов по React - от freeCodeCamp до платных вариантов. Есть ли смысл брать дорогие курсы, или можно обойтись бесплатными материалами?;1
Всем добрый вечер! Подскажите, какие темы в Python нужно освоить, чтобы начать работать с API? Хочу попробовать что-то реальное.;1
Всем привет! Как проводить интервью с заказчиком? Постоянно теряюсь, что спрашивать. Есть гайды?;1
Всем привет! Хочу изучить GraphQL для бэкенда. С чего начать? Есть ли хорошие курсы на русском?;1
Всем привет! Хочу изучить фронтенд, но не знаю, с чего начать. Подскажите, какие технологии учить в 2025?;1
Всем привет! Хочу парсить сайты на Python. Scrapy или Requests? Что проще?;1
Всем привет👋 Подскажите какой бесплатный курс по Python лучше выбрать начинающему программисту? И какой редактор кода лучше скачать?;1
Где брать задачи по автоматизации тестирования? Надоели абстрактные примеры.;1
Где брать идеи для пет-проектов?;1
Где взять реальные проекты для портфолио по веб-дизайну? Нет опыта, но хочу начать.;1
Где лучше начинать — вёрстка или сразу фреймворки типа Vue/React?;1
Где найти open-source проекты для новичков?;1
Где найти бесплатные курсы по тестированию?;1
Где найти бесплатные лекции по веб-разработке?;1
Где найти ментора по JavaScript? Учусь, но много вопросов.;1
Где найти ментора по Python для новичка? Пытаюсь учиться, но много вопросов.;1
Где найти стажировку для фронтендера без опыта?;1
Где практиковать автоматизацию тестирования? Нужны реальные проекты, а не абстрактные задачи;1
Где учить Figma для веб-дизайна?;1
Где учить Figma для дизайна интерфейсов?;1
Где учить Selenium для автоматизации тестирования?;1
Где учить TypeScript для фронтенда?;1
Где учить алгоритмы и структуры данных?;1
Добрый вечер! Думаю стать тестировщиком. Что лучше: учить ручное тестирование или сразу автоматизацию на Selenium?;1
Добрый вечер! Как писать тест-кейсы для веб-приложений? Есть ли шаблоны или уроки для новичков?;1
Добрый день! Думаю попробовать Data Science, но я полный ноль. Есть простые уроки или гайды, чтобы вникнуть? Заранее спасибо!;1
Добрый день! Как управлять удаленной командой в IT? Есть ли книги или советы?;1
Добрый день! Кто-то проходил буткемпы по веб-разработке? Реально ли найти работу после них или это просто реклама?;1
Добрый день! Хочу освоить Power BI для бизнес-анализа. Где найти бесплатные уроки?;1
Думаю переквалифицироваться в project manager, но опыта нет вообще. С чего начать учёбу?;1
Как войти в бэкенд? Django или Node.js? И где найти практические задания?;1
Как изучать Docker для backend-разработки?;1
Как изучать Docker для бэкенда?;1
Как лучше изучать React для фронтенда? Стоит ли сразу лезть в хуки или сначала разобраться с классовыми компонентами?;1
Как начать карьеру в IT после 30 лет?;1
Как начать работать с API на Python? Хочу попробовать что-то реальное.;1
Как начать работать с API на практике? Учу теорию, но не понимаю, как применить;1
Как начать работать с базами данных на Python?;1
Как перейти из тестирования в разработку?;1
Как подготовиться к позиции junior PM? Какие методологии (Agile, Scrum, Kanban) нужно знать на базовом уровне?;1
Как понять, что готов к первой работе в IT?;1
Как прокачать soft skills для проджект-менеджера? Хочу в IT, но нет опыта.;1
Как собрать портфолио для UX/UI, если нет коммерческих проектов? Бесплатно делать дизайны для знакомых?;1
Какие CASE-инструменты сейчас актуальны для системного аналитика? Вижу много разных, но не понимаю, с чего начать;1
Какие soft skills нужны проджект-менеджеру в IT? И как их прокачать?;1
Какие книги по Python посоветуете для новичка? Чтобы без воды, только практика.;1
Какие книги по программированию стоит прочитать новичку?;1
Какие курсы по Agile и Scrum посоветуете?;1
Какие навыки нужны для junior backend-разработчика?;1
Какие навыки нужны для junior QA?;1
Какие проекты делать на JavaScript для новичка?;1
Какие проекты на Python сделать для портфолио?;1
Какой минимальный набор инструментов нужно освоить для старта в бизнес-аналитике? И где найти структурированные материалы для обучения?;1
Какой стек технологий выбрать для старта в веб-разработке в 2024? React + Node.js или что-то другое?;1
Какой стек технологий лучше учить в 2025 для fullstack-разработки? И посоветуйте комплексный курс, где всё разложено по полочкам;1
Какой стек технологий нужно освоить для старта в аналитике данных? И в какой последовательности их лучше изучать?;1
Какой язык учить первым: Python или JavaScript?;1
Кто знает, где можно пройти бесплатную стажировку для начинающего фронтендера?;1
Кто нибудь учился на системного аналитика? Есть смысл идти на курсы или самому можно разобраться?;1
Кто-нибудь может объяснить, что такое микросервисная архитектура и стоит ли её изучать новичку?;1
Кто-нибудь может подсказать, где взять проекты на Python, чтобы добавить в портфолио для стажировки?;1
Кто-нибудь проходил курс по аналитике данных на Stepik? Реально полезно или есть что-то лучше? Делитесь опытом!;1
Народ, кто-нибудь учился в SkillFactory? Как вам качество обучения? Думаю записаться, но отзывы очень разные;1
Подскажите, есть ли разница между курсами от Skypro и GeekBrains? Хочу выбрать что-то одно, но не могу определиться.;1
Подскажите, какие языки нужно знать, чтобы уверенно работать во фронтенде?;1
посоветуйте, как быстро освоить основы Python?;1
Привет всем! Как мотивировать команду разработчиков? Есть ли статьи или курсы?;1
Привет всем! Хочу начать учить Python, но не знаю, с чего стартовать. Посоветуйте курсы или книги, чтобы прям для новичков!;1
Привет всем! Хочу стать проджект-менеджером в IT. С чего начать: курсы или практика? Посоветуйте!;1
Привет! Подскажите, как начать изучение JavaScript с нуля? Может, есть проверенные курсы?;1
Привет! Учу Python 4 месяца, хочу дальше расти. Что лучше: углубляться в язык или уже пробовать проекты?;1
Привет! Хочу изучить асинхронное программирование в Python. Где найти уроки?;1
Привет! Хочу изучить фронтенд, но не знаю, с чего начать. HTML/CSS → JavaScript → React? Или есть другой путь?;1
Привет! Хочу освоить frontend, но не знаю, с чего лучше: HTML/CSS или сразу JavaScript? Подскажите, плиз!;1
Привет! Хочу стать системным аналитиком. Какие инструменты, кроме UML, нужно знать? Делитесь советами!;1
Привет! Я только начал изучать IT, подскажите, какие навыки нужно прокачать в первую очередь, чтобы попасть на стажировку?;1
Привет, народ! Учу веб-дизайн, но не знаю, с чего начать: Figma или Photoshop? Что посоветуете?;1
Привет, народ! Хочу изучить SSR для веб-приложений. С чего начать? Есть курсы или статьи?;1
Привет, ребята! Хочу стать системным аналитиком. Нужно ли знать программирование или хватит SQL и BPMN?;1
Ребят, подскажите, стоит ли идти на курсы от Нетологии или лучше учиться самому? Хочу стать Python-разработчиком, но не понимаю, что выбрать.;1
Ребята, подскажите! Учу Python, хочу попробовать ML. Какие библиотеки учить: TensorFlow или PyTorch? Что проще для новичка?;1
С чего начать изучение тестирования, если нет IT-образования? Какая последовательность тем оптимальна для новичка?;1
Сколько времени нужно, чтобы выучить Python на базовом уровне?;1
Слишком много курсов по Python, а что реально годное и с практикой? Посоветуйте 🙏;1
Стоит ли идти на курсы по тестированию или лучше самому учить Selenium?;1
Стоит ли начинать с WordPress, если хочу в веб-разработку, или лучше сразу погружаться в чистый код?;1
Учу программирование, но сложно запомнить синтаксис. Как быстрее освоить азы и не бросить? Делитесь лайфхаками!;1
Хочу делать адаптивные сайты. С чего начать: CSS Grid или Flexbox? Где найти нормальные уроки?;1
Хочу изучить FastAPI, но не знаю, с чего начать. Можете дать советы или ссылки на материалы?;1
Хочу изучить React, но не понимаю, с чего начать. Посоветуйте ресурсы.;1
Хочу проектировать адаптивный дизайн. Какие принципы важны и где их изучить?;1
Хочу стать веб-дизайнером. С чего начать?;1
Хочу стать системным аналитиком. С чего начать, если опыта в IT нет? Нужны курсы или книги?;1
Я учу Python уже месяц, но чувствую, что топчусь на месте. Какие проекты можно сделать для практики, чтобы закрепить знания?;1
Backend-разработка на Go интересует, но не знаю, насколько сложно. Что посоветуете новичку?;1
Node.js — сложно для новичка? Или лучше начать с Python?;1
Всем добрый вечер! Хочу изучить ArchiMate для моделирования. Есть ли курсы на русском?;1
Всем добрый вечер! Хочу перейти в IT из другой сферы. Какие курсы или ресурсы помогут сделать это максимально безболезненно?;1
Всем добрый день! Кто-нибудь проходил курсы по Data Science на Stepik? Стоит ли туда идти или есть варианты лучше?;1
Всем добрый день! Кто не будь может проходил такие курсы: Python разработчик с нуля от Skypro, python разработчик расширенный курс от нетология, Python разработчик с нуля от Eduson Academy, Python разработчик от слёрм. Буду рад правдивым отзывам!! Просто мне оплачивают курсы предложили вот эти на выбор! Всем за ранние спасибо!;1
Всем привет! Работаю менеджером, хочу уйти в IT. С чего начать? Какие курсы посоветуете, чтобы быстро освоить базу?;1
Всем привет! Хочу начать изучать Python, но не знаю, с чего начать. Можете посоветовать хорошие бесплатные курсы или книги для новичков?;1
Где найти ментора по веб-разработке? Учусь, но много вопросов.;1
Где найти стажировку для начинающего разработчика?;1
Где практиковать SQL? Нужны реальные задачи.;1
Где учить REST API для backend?;1
Где учить REST API для бэкенда?;1
Где учить TypeScript? Хочу подтянуть знания.;1
Где учить алгоритмы для бэкенда? Хочу понять основы.;1
Добрый вечер! Думаю уйти из маркетинга в IT. Какие навыки сейчас в тренде, чтобы устроиться на junior позицию?;1
Добрый вечер! Как использовать Python для анализа данных? Посоветуйте библиотеки и курсы!;1
Добрый день! В системном анализе не понимаю, как работать с REST API. Где почитать для новичков?;1
Добрый день! Хочу изучить тестирование безопасности. Какие курсы или книги посоветуете?;1
Добрый день! Хочу освоить Kanban для управления проектами. Где найти уроки?;1
Добрый день! Хочу стать дата-аналитиком. С чего начать: SQL, Python или Excel? Где искать материалы? Спасибо!;1
Добрый день! Прошу порекомендовать курсы или переподготовку, профессия Системного аналитика. К сожалению, базы IT на данный момент нет. Из бэкграунда - прокачанные навыки excel, BPMN, знакома с методологиями разработки. Сейчас всё пестрит курсами Яндекс Практикума, Skillbox, Нетология и т.д. Возможно, есть что-то не столь популярное, очень хочется взять что-то достойное. Прошу порекомендовать, если проходили что-то по смежным направлениям 🙏;1
Думаю стать бизнес-аналитиком в IT. Какие навыки нужны, кроме Excel? Где учиться?;1
Есть ли хорошие каналы/ресурсы для системных аналитиков с нуля?;1
Как войти в IT без опыта? Какие курсы реально помогают найти работу?;1
Как начать карьеру в тестировании? Какие навыки нужны?;1
Как перейти в IT из другой профессии?;1
Как правильно вести Agile-проекты? Есть ли курсы или книги по Scrum для начинающих?;1
Как собрать портфолио для UX/UI, если нет заказов?;1
Как собрать портфолио для фронтенда без опыта?;1
Как стать джуном в веб-дизайне, если портфолио пока почти пустое?;1
Какие есть курсы по бизнес-анализу, которые действительно дают знания, а не просто воду?;1
Какие курсы по Agile лучшие?;1
Какие курсы по Data Science реально помогают устроиться на работу?;1
Какие курсы по IT-менеджменту реально помогают устроиться на работу? Нужны не только сертификаты, но и практические навыки;1
Какие курсы по Scrum реально полезны?;1
Какие курсы по SQL реально научат писать сложные запросы? Вижу много программ, но отзывы противоречивые;1
Какие курсы по UX/UI дизайну посоветуете?;1
Какие курсы по системному анализу действительно дают практические навыки? Вижу много программ, но не понимаю, как выбрать;1
Какие платформы для изучения SQL лучшие?;1
Какие темы в SQL нужно знать для системного аналитика? И где практиковаться?;1
Какой курс выбрать для старта в веб-дизайне? Figma уже немного знаю, хочу дальше развиваться.;1
Какой путь обучения выбрать для QA Automation: Java + Selenium или Python + Selenium? И посоветуйте хорошие курсы с практикой;1
Кто занимается менторством?;1
Кто знает, где можно бесплатно учить JavaScript? Хочу попробовать фронтенд.;1
Кто-то пробовал SkillFactory на аналитика? Стоит своих денег?;1
Кто-то учился на бизнес-аналитика? Какие навыки нужны кроме Excel и SQL?;1
Люди, добрый вечер. Хотел бы узнать, что заключается основой или же базовым знанием питона? Чтобы хотя бы было понимание. Сделать того же самого простенького бота в тг? Ибо не понимаю, с чего именно начать изучение, если это можно так назвать);1
Народ, стоит ли сейчас учить C++ или лучше Python? Хочу в будущем работать программистом, но не знаю, что выбрать.;1
Подскажите хорошие ресурсы для изучения backend на Python. Лучше что-то практическое, не просто теорию;1
Подскажите, с чего начать изучение JavaScript? Вижу столько курсов — голова кругом. Хочется что-то с практикой, а не просто лекции.;1
Посоветуйте пошаговый план изучения Django для начинающих. Какие темы нужно освоить в первую очередь, чтобы сделать первый проект?;1
Посоветуйте пошаговый план изучения Python для полных новичков. Сколько времени нужно уделять практике ежедневно?;1
Привет всем! В системном анализе не могу разобраться с ER-диаграммами. Есть ли простые гайды?;1
Привет всем! Выбираю между Django и Flask для бэкенда. Что легче для новичка? Или лучше вообще Node.js учить?;1
Привет всем! Думаю перейти в IT из дизайна. Стоит ли идти на UX/UI курсы или лучше самому учиться? Советы нужны!;1
Привет всем! Как тестировать мобильные приложения? Есть ли гайды для новичков?;1
Привет всем! Хочу сделать GUI на Python. Tkinter или PyQt? Посоветуйте для новичка!;1
Привет всем! Хочу стать веб-разработчиком, но не знаю, с чего начать. HTML и CSS достаточно для старта?;1
Привет! Как лучше тестировать фронтенд-компоненты? Jest или Cypress? Посоветуйте, что проще для начинающего.;1
Привет! Стоит ли новичку лезть в DevOps? Или лучше сначала Python или веб-разработку освоить? Дайте совет!;1
Привет! Хочу освоить автоматизацию тестирования на Python. С чего начать? Делитесь ресурсами!;1
Привет! Хочу перейти в бизнес-анализ в IT. Какие инструменты, кроме Excel, нужно освоить? Спасибо!;1
Привет! Хочу стать PM в IT. Какие инструменты, кроме Jira, нужно знать? Дайте совет!;1
Привет! Хочу стать бизнес-аналитиком. Какие навыки важнее: SQL или аналитика процессов? Дайте совет!;1
Привет! Я новичок, хочу освоить программирование. С чего лучше начать: Python или JS? Где найти нормальные материалы?;1
Привет, народ! Думаю замутить простую игру на Python. Я новичок, с чего начать? Библиотеки, уроки, советы?;1
Привет, народ! Хочу изучить BABOK. Есть ли краткие гайды на русском для новичков?;1
Привет, народ! Хочу сделать скрипт для автоматизации задач. С чего начать? Делитесь!;1
Реально ли самому освоить backend, или всё-таки лучше идти на менторство/курсы?;1
Ребят, есть ли толковые бесплатные курсы по backend-разработке? Хочу изучить Django, но не знаю, где найти нормальные материалы.;1
Ребят, посоветуйте норм курс по Python для полных нулей. Хочу хотя бы основы понять.;1
Ребят, посоветуйте хороший курс по Python для начинающих. Хочу сменить профессию.;1
Ребята, кто проходил курсы по веб-разработке на Skillbox? Стоит ли оно того или лучше самому учиться по ютубу и документации?;1
Ребята, мечтаю сделать свой сайт, но кодить не умею. Есть курсы, где реально с нуля до результата доведут?;1
Ребята, привет! Как создать адаптивный дизайн для мобильных? Есть ли курсы на русском?;1
Ребята, привет! Учу SQL, но не понимаю, как применять его на практике. Есть ли простые проекты или задачи для начинающих?;1
Решила изучать программирование, но не совсем понимаю с чего начать из-за обилия информации, пока учу python. Поделитесь своей историей, кем теперь работаете и дайте какие-нибудь советы.;1
С чего начать подготовку к переходу в системные аналитики из смежной области? Какие материалы и навыки нужны в первую очередь?;1
С чего начать путь в Data Science без математического бэкграунда? Какие курсы или книги помогут восполнить пробелы?;1
Стоит ли новичку в 2025 учить PHP для бэкенда или это уже мёртвый язык? Вижу много вакансий, но везде требуют опыт;1
Тестировщики, привет! Как вы вообще начинали? Курсы, книги? Или сразу практика?;1
Учу React, но не понимаю, как работать с API. Где найти простые примеры или уроки для практики?;1
Хочу в Data Science, но не знаю математику. С чего начать?;1
Хочу вкатиться во фронтенд, но глаза разбегаются. С чего вообще начать? JS, HTML или сразу React? 😵‍💫;1
Хочу изучить Django. Какие тут лучшие курсы или туториалы на русском?;1
Хочу освоить бэкенд, но не могу выбрать между Node.js и Python. Что лучше для новичка с точки зрения обучения и дальнейшего трудоустройства?;1
Я новичок в программировании, подскажите, что лучше учить первым: Python или JavaScript? Хочу понять, куда двигаться;1
я потерялась в нашей переписке и не могу найти инфу. Кажется, я спрашивала у тебя как-то про бесплатные курсы по питону и ML, можешь, пожалуйста, посоветовать что-нибудь?;1
Может кто посоветовать :желательно: очные курсы по нейроморфным ML моделям? Пример названия: «Нейроморфные ML модели» / «Мозг и ML».;1
Добрый день! Какие ещё курсы по pytorch посоветуете. Ребята советовали Samsung на Степике. Или не размениваться и сразу Курсера от монстров? При всем уважении к DLS. Мне кажется часть тем, с размерностями тензоров и пр., освещена не очень подробно;1
Можете посоветовать курсы/ресурсы для подтягивания математики?;1
Всем привет, Посоветуйте, кто знает, какие нибудь бесплатные курсы/плейлисты/книги и тд по анализу временных рядов с помощью dl. Заранее спасибо;1
Подскажите пожалуйста. Я прошел курс для новичков. Стоит ли мне начинать курс для продвинутых? Или вы посоветуете пройти курс от другого автора? Может кто-то подскажет на личном опыте? Спасибо заранее);1
Я тоже с нуля. Планирую в дальнейшем пройти обучения на аналитика данных, этот курс посоветовали как вариант с чего начать знакомство в этой сфере);1
Приветствую, дорогие друзья! Подскажите, пожалуйста. Решила к своему др инвестировать в свое обучение, раз сейчас на Степике скидки на курсы: от Поколения Python (ООП и для профессионалов), а также есть пакет из 8 курсов 'Профессия Python-разработчик'. Кто проходил эти курсы, могли бы вы написать отзыв? И стоит ли брать сейчас, когда я только начинаю курс для продвинутых, параллельно изучая Frontend?;1
Всем привет! Кто-нибудь изучал postgreSQL? Где изучали? Есть ссылки на курсы, книги и тому подобное? Буду благодарен за любую инфу.;1
Доброго денёчка, подскажите, пожалуйста, кто-то в курсе, где взять нормальный курс (цена- качество) по 3D дженералистике? Поюзал пайтон, получил сертификат первый. Вообще не зашло мне. Хочу уйти в графику, может есть советы полезные у кого-то ?;1
Хочу изучить Python для ML. Какие библиотеки учить первыми?;1
Как собрать портфолио для QA без коммерческого опыта?;1
С чего начать изучение CSS для веб-разработки? Посоветуйте ресурсы!;1
Хочу изучить SQL для аналитики данных. Какие курсы посоветуете?;1
Как начать карьеру в Data Science без опыта? Где учиться?;1
Хочу освоить JavaScript для фронтенда. С чего начать? Нужны курсы!;1
Как собрать портфолио для бэкенда без реальных проектов?;1
Хочу изучить Django для бэкенда. Какие туториалы на русском посоветуете?;1
Как начать работать с базами данных на SQL? Где практиковаться?;1
Хочу стать тестировщиком. Какие навыки нужны для старта?;1
Как изучить React для новичка? Посоветуйте бесплатные курсы!;1
Хочу освоить аналитику данных. С чего начать: Python или SQL?;1
Как собрать портфолио для системного аналитика без опыта?;1
Хочу изучить TypeScript для фронтенда. Где найти уроки?;1
Как начать карьеру в UX/UI дизайне? Какие курсы посоветуете?;1
Хочу освоить Python для автоматизации. С чего начать?;1
Как подготовиться к позиции junior QA? Какие инструменты учить?;1
Хочу изучить FastAPI для бэкенда. Где найти практические задания?;1
Как собрать портфолио для веб-дизайна без заказов?;1
Хочу изучить SQL для бизнес-анализа. Какие темы учить первыми?;1
Как начать карьеру в IT без технического образования?;1
Хочу освоить JavaScript для веб-разработки. Какие проекты делать?;1
Как изучить Pandas для анализа данных? Где найти примеры?;1
Хочу стать PM в IT. Какие навыки нужны для старта?;1
Как освоить тестирование API? Посоветуйте ресурсы для новичков!;1
Хочу изучить Vue.js для фронтенда. С чего начать?;1
Хочу освоить Python для веб-разработки. Какие курсы выбрать?;1
Как собрать портфолио для Data Science без опыта?;1
Хочу изучить Selenium для автотестов. Где найти уроки?;1
Как начать работать с API на JavaScript? Нужны примеры!;1
Хочу освоить Figma для UI-дизайна. Какие курсы посоветуете?;1
Как изучить алгоритмы для программирования? Где практиковаться?;1
Привет ребята! Хочу освоить Data Science но не знаю с чего начать. Какие курсы или книги посоветуете для новичка без математического бэкграунда?;1
Хочу изучить JavaScript для фронтенда. С чего лучше начать: с основ или сразу React? Есть хорошие бесплатные курсы?;1
Всем добрый день! Учу SQL для аналитики данных. Какие платформы с задачами для практики посоветуете?;1
Привет! Хочу стать UX/UI дизайнером. Какие навыки нужны для старта и где брать проекты для портфолио?;1
Подскажите стоит ли учить Django или FastAPI для бэкенда? Какие курсы на русском посоветуете?;1
Хочу освоить автоматизацию тестирования на Python. С чего начать? Есть ли бесплатные уроки?;1
Привет всем! Как собрать портфолио для фронтенда если нет коммерческого опыта?;1
Добрый вечер! Хочу изучить Python для ML. Какие библиотеки учить первыми: TensorFlow или PyTorch?;1
Как начать карьеру в IT без технического образования? Посоветуйте курсы или ресурсы!;1
Всем привет! Хочу изучить TypeScript для фронтенда. Где найти понятные туториалы?;1
Подскажите как освоить Figma для UI-дизайна? Есть ли курсы с практикой?;1
Хочу стать системным аналитиком. Какие инструменты кроме UML нужно знать?;1
Как изучить Pandas для анализа данных? Где найти простые примеры?;1
Привет! Хочу освоить тестирование API. Какие инструменты и курсы посоветуете?;1
Хочу изучить Vue.js для фронтенда. С чего начать? Есть бесплатные ресурсы?;1
Всем добрый день! Хочу освоить JavaScript для веб-разработки. Какие проекты делать для портфолио?;1
Привет! Хочу освоить Python для автоматизации. С чего начать? Есть гайды?;1
Как собрать портфолио для Data Science без опыта? Посоветуйте идеи!;1
Как начать карьеру в UX/UI дизайне? Какие курсы реально помогают?;1
Хочу освоить Django для бэкенда. Какие туториалы на русском посоветуете?;1
Как собрать портфолио для веб-дизайна без заказов? Есть идеи?;1
Привет! Хочу изучить React для новичка. Какие бесплатные курсы посоветуете?;1
Как начать работать с API на JavaScript? Нужны простые примеры!;1
Привет! Хочу стать PM в IT. Какие навыки нужны для старта?;1
Хочу начать карьеру в тестировании. Какие навыки нужны?;1
Как изучить CSS для веб-разработки? Посоветуйте ресурсы!;1
Хочу освоить SQL для аналитики данных. Какие курсы посоветуете?;1
Хочу освоить Vue.js для фронтенда. С чего начать?;1
Хочу изучить алгоритмы для программирования. Где практиковаться?;1
Как изучить FastAPI для бэкенда. Где найти практические задания?;1
Хочу освоить тестирование API. Какие ресурсы для новичков посоветуете?;1
Как начать карьеру в Data Science без математического бэкграунда?;1
Хочу стать PM в IT. Какие инструменты кроме Jira нужно знать?;1
Как изучить Vue.js для фронтенда? С чего начать?;1
Хочу начать карьеру в тестировании. Какие навыки нужны для старта?;1
Как изучить алгоритмы для бэкенда? Хочу понять основы.;1
Хочу освоить Figma для веб-дизайна. Какие курсы посоветуете?;1
Хочу освоить тестирование API? Посоветуйте ресурсы для новичков!;1
Хочу стать системным аналитиком. С чего начать если опыта в IT нет?;1
Привет! Хочу изучить асинхронное программирование в Python. Где найти уроки?  ;1
Привет всем! В системном анализе не могу разобраться с ER-диаграммами. Есть ли простые гайды?  ;1
 я спрашивала у тебя как-то про бесплатные курсы по питону и ML;1
Доброго денёчка, подскажите, пожалуйста, кто-то в курсе, где взять нормальный курс (цена- качество) по 3D дженералистике? ;1
 получил сертификат первый. Вообще не зашло мне. Хочу уйти в графику;1
Всем привет, подскажите пожалуйста ресуры для изучения kubernetes и насколько его нужно хорошо знать, чтобы не стыдно было указать его в резюме?;1
Здравствуйте, правильно я понимаю, что изучив js, css я смогу с помощью джанго создавать сайты? И не надо vuejs, nuxtjs итд изучать?;1
Здравствуйте! Хочу изучать Django, но не знаю, с чего начать. Смотрел видеоуроки, но мне ничего не понятно. Неплохо знаю основы Python и ООП. На LeetCode решаю задачи уровня легко и нормально. Также умею писать простые Telegram-боты и немного умею работать с Flask.;1
"Привет. Подскажите классные книги по проектированию архитектуры веб-приложений, паттернам проектирования, что-то связанное с DDD, в разработке стабильных и безопасных систем и все что с этим связано, думаю тематика понятна. 

Буду очень признателен";1
Всем привет, посоветуйте курс (желательно бесплатный) по docker;1
Добрый день. Я Хочу понять Джанго и научиться на нем писать. Какие лучшие уроки вы знаете, которые вам понравились и вы использовали на практике? Это может быть как текстовые, так и видео. Я ищу видео больше, чем текстовые, т.к. читал гайд по джанге стандартный. Заранее спасибо.;1
хочу написать рабочий проект;1
Парни всем привет, начал изучать Django… вообще ничего не понятно и в голове путаница полная, не подскажите может курсы/статьи/уроки по нему, буду благодарен;1
парни, с чего начать? Заинтересовал DevOps. ( база на питоне есть );1
всем привет, решил изучить основательно Django. мб есть советы, где о нем хорошо рассказывают?;1
я просто хочу наконец-то научится делать проекты на микросервисах, а не манолит. сам не знаю с чего начать, по этому ищу материалы. если есть идеи получше буду рад выслушать и двигаться в этом направлении;1
"ребят, кто может порекомендовать подробную документацию/видео и в принципе любой материал по созданию джанго проекта используя микросервисную арихитиктуру ?

буду безумно благодарен";1
"Доброго времени суток

Хотел бы узнать мнение профессионального сообщества на тему моей ситуации и что мне делать дальше? 🥲😅

Я закончил курсы по python backend в феврале 2024. С тех пор и по настоящий момент ищу работу python backend.
По методичке школы записал период обучения в ней и учебные и пет проекты в опыт работы. (Понимаю что много кто советует так не делать, раньше это у меня просто стояло под название аутсорс, а сейчас стоит под названием школы) 
За эти почти пол года, у меня было меньше 10 hr-созвонов, и 4 тех собеса. В основном звали на работу писать в одного с нуля проект. Я ищу именно командную разработку. 

Обо мне. Мне 28 лет. Вышка инженер-конструктора по машиностроению. Сейчас работаю инженер-конструктором. Не хочу увольняться в никуда. Хочу сначала найти работу в IT и потом уволиться. 
Мой стек: python, django, django orm, django drf, делал админку в django, делал связь со сторонними api, бд postgresql, flask, poetry, pytest, git, linux.

Приложу резюме с хх. 
Ссылка GitHub кому интересно: https://github.com/CfyRJ
Да и ссылка на резюме в хх: https://hh.ru/resume/a091e49bff0c23837f0039ed1f387863705072

Мой вопрос в целом:
Норм резюме, что и как подправить в целом? 
Может нанять ментора, или к блогерам в чатиках на бусте, или даже компании по типу: https://yourcodereview.com/#popup-close, https://solvery.io/, чтобы трудоустроится😅
Был на двух стримах в пятницу и в понедельник, на одном говорили оформляйте пет-проекты, на другом убирайте пет проекты и гитхаб. Инфы столько что теряюсь😅 везде по разному говорят😅";1
"ребят, привет!
хочу разработать сервис авторизации.
с чего начать?
с джанго знаком очень поверхностно";1
А курса нет? Хотя б на англ;1
Всем привет. Вопрос по учебе, а конкретно про то, как вы учились писать свои первые сайты? Шли по книге, по курсам с ютуба, переписывая проект оттуда или начинали с нуля читать документацию? Опять же насколько разумно использовать на моментах учебы ChatGPT, не просить выдать его готовый код, а лишь дать быструю вырезку из той же документации с примером и пояснением? Или лучше максимально самому зарыться в доку? В общем расскажите про свой опыт;1
"Кстати, еще вопрос:


Может вы знаете международные еще курсы или стажировки, или специализации, чтобы получить потом аккредитацию или получить мега качественную базу";1
"Всем привет! 
Начинаю только изучать джанго, можете посоветовать плиз, какие может курсы лучше взять?( яндекс, скилбокс итп) или может лучше взять репетитора? Просто я боюсь, что по видосам в инете я буду делать, что там показано и все. 

Спасибо, надеюсь на вашу помощь";1
"Написал сайт чисто на джанго, но нужно теперь написать другой на дрф и получается немного изучить какой-нибудь Vue, можете годные курсы посоветовать? На ютубе или другой платформе
В целом можно и платные до 5к рублей";1
какие есть курсы норм с последним джанго?;1
Привет хочу изучать Celery но не могу найти курс бесплатный кто-то знает есть ли курс бесплатно на русском языке не старый видеоуроки;1
"Парни всем привет, что скажете по курсу? стоит ли его брать? так то база есть, ООП на +- хорошем уровне, фласка, щас работаю над алгоритмикой, как будто чего то не хватает, малеха не знаю куда двигаться, вроде на стажку рано, хочется как то углубленнее изучить джангу, что в принципе можете посоветовать?
https://practicum.yandex.ru/catalog/programming/?from=main_programming_card";1
А не знаешь хороший курс/книжку по вью? В дрф с джанго чтоб связать;1
Привет всем, есть какие-то хорошие сайты, курсы с материалами для изучение DRF?;1
Всем привет, начинаю учить Джанго, посоветуйте пожалуйста годный курс для хорошего старта;1
Всем привет. Хочу изучить GITLAB и CI/CD. Могли бы скинуть хорошие материалы по этой теме?;1
Всем привет 👋. Подскажите пожалуйста. Я вот поступаю в вуз и хочу параллельно работать. С чего лучше начать? С Django с fastapi или лучше flask. Где легче найти работу?;1
Господа подскажите где изучить основы DRF (кроме плейлиста балакирева)?;1
офф дока и гугл что еще надо? что конкретно изучать?;1
привет всем, подскажите пожалуйста, есть ли какие то хорошие статьи по обучению джанго? нашел плейлист в ют но не кайф видео формат;1
Начну изучать ngenx;1
"С чего мне начать покорять ""джангу""?";1
"Здравствуйте! Хотел бы задать вопрос такой:

Я пытаюсь смотреть много обучающих видео по django, читать про него, понять как все работает базово и т.д.

Самый сухой образ django я понял и могу написать какой то легонький сайтик... но я не понимаю как его учить дальше. У меня щас своего рода застой. Я смотрю видео в ютубе, ок - зачем и где и когда это мне применять? Не понимаю.


Проблема в том, что я не вижу  смысла в некоторых вещах, если не могу их применить на практике. Однако, если я не знаю этих вещей, я не могу писать и сам сайт на django.

Так как его учить? Делать пет проект и так почастям собирать сайт попутно заходя за каждым шагом в гугл?

Не понимаю че делать проще говоря, как вы учили на первых порах? А то читаю как вы решаете какие то ошибки, называете очень много не понятных мне слов и афигеваю👻";1
Всем привет! Ищу себе ментора на платной основе который поможет мне сделать приложение для видеозвонков. На бэкенде будет python Django а на фронте reactjs. Если вы знаете как это сделать либо у вас есть знакомый который может с этим помочь напишите мне в личку пожалуйста;1
не везёт мне с Django) Я с 3-й версии пытаюсь изучить его, и всё время в тупиковые ситуации попадаю, подобные этой. Помучаюсь с полмесяца над простой проблемой и руки опускаются);1
Доброго времени суток гопода, я недавно начал изучать Django, но еще хотел бы услышать совет знающих людей, к чему стремится в изучении, какие навыки нужно иметь для первой работы, Спасибо!;1
А где ты самую базу изучал? Просто методом тыка и по докам?;1
Всем доброго дня, я Жун разработчик и хотел бы набраться опыта, готов работать бесплатно ну или же платить;1
хорошая ли идея совещать vue js + django?;1
Всем привет. Подскажите пожалуйста, где можно найти стажировку, хоть неоплачиваемую. Мне главное хоть какой-то коммерческий первый опыт получить. 3 месяца одни отказы на hh.ru;1
"Всем большой привет!
Народ подскажите пожалуйста как и где научится печатать коды на питоне, и соответственно уметь их читать. Может есть какие то лайф хаки, каналы и т.п. Или может совет какой нибудь. Вообщем все что поможет как можно быстрее научится читать коды.
Спасибо огромное за ранее)";1
"Всем привет, решил поменять что-то в жизни, начал изучать веб разработку, трачу на это 4 дня в неделю +-
html в принципе освоил, с css не все понятно
умею создавать страницу, заголовки и прочее что нужно для новичка, не понимаю пока что со стилями делать, подключать их умею, но какие именно нужны не могу понять, может есть сайт какой со всеми стилями?
создавать умею вторую страницу, кнопки, ссылки, цвета, размеры, и на этом этапе встал, не понимаю как фон добавлять и прочее, естественно можно у gpt спросить, но это намного все упрощает, думаю может есть сайт по css какой-нибудь со стилями, хотя бы основными
смотрел всякие курсы по css, там в основном вода, подключение и тд, не особо помогает, java ещё не изучал да и рано ещё
накидывал от балды сайт с машиной и это пока все, что получилось, вижу тут много ребят опытных, которые могут советом помочь)";1
насколько щас актуален flask?;1
есть у кого хороший курс по django для начинающих?;1
"https://metanit.com/python/fastapi/1.1.php

для изучения FastAPI идет?";1
"Народ, накидайте ресурсов по тестированию, чтобы поучиться нормальным практикам.
Я тут подкасты пока слушаю, один нашел на 2 часа.
В целом, понимаю, что тестирование - не простое занятие.
Про тесты в контексте разработки, конечно же, а не qa";1
А где тру-верстке учиться?;1
какой фреймворк лучше выбрать для изучения? (бэк);1
А как вообще начать развиваться до какого то уровня;1
Всех приветствую, хочу начать изучать Python, у меня нулевой опыт,рассматриваю курсы от Яндекс Практикума, подскажите это хороший вариант? Длятся они 10 месяцев, в последствии выдается сертификат;1
"Всем привет 👋,
у кого-нибудь есть полный и продвинутый курс в формате PDF по PostgreSQL на английском языке, особенно с акцентом на базы данных для финансовых или транзакционных систем? 🙏";1
"У меня тупой вопрос.
Никогда кроме юнит-тестов ничего не писал, и те по остаточному принципу. В какие материалы смотреть, чтоб постичь тестирование? Желательно что-то сразу с практикой.";1
посоветуйте норм доку/книгу пo FastAPI для новичка который не знает что такое API И REST API и HTTP;1
"здравствуйте, где посоветуете писать html для новичка? 
если можно, то можете пожалуйста отправить какие тт бесплатные курсы/видео для изучения html, css, JavaScript (для создания сайтов)";1
"Добрый ночи, опытные программисты или те кто работает уже более года, подскажите как начать именно обучаться самой, я в плане того с чего именно начать, какие языки учить, что дополнительно к этому учить, как изучить Unreal Engine, если допустим я хочу и сайты писать и игры делать в дальнейшем и как работает написание игр. 
Подскажите пожалуйста, а то поступила на программиста, а по факту нас ничему не учат, поэтому буду сама обучаться полностью пока время не потерянно";1
Привет всем, за сколько времени можно выучить питон и сложно выучить этот язык программирования??;1
"Есть кто живой? Нужна помощь в верстке 
Пока что нахожусь на стадии обучения и не понимаю";1
А что именно учить в джавескрипте? Код? Или книги читать про джавуСкрипт;1
Ну я хочу быть веб разработчиком, читал что джава скрипт начал учить;1
А с чего стоит начать;1
Я только  начал, самому сложно учиться;1
Пацаны а курсы типо скил Фэктори вообще стоит на то чтобы время тратить?;1
Доброе утро, хочу спросить людей работающих на веб-разработке насколько переполнен рынок в этом направлении, реально ли сейчас войти в это направление и сколько в среднем они могут заработать?;1
Глаза разбегаются и не знаю за что браться с самого старта;1
всем привет, подскажите пожалуйста (без хейта), стоит ли покупать курсы в практикуме или в других образовательных платформах? заранее благодарю за ответ.;1
Здравствуйте я хочу стать программистом с чего начать учить;1
Всем привет, парни подскажите где можно брать идеи для проектов, я новичок хочу развиваться на практике но идей особо нет;1
Ребят , может кто поделиться опытом ,  как учить этот прекрасный фреймворк . Кто может проконсультировать по структуре обучения , с чего начинать и как вообще его учить правильно.Переписал несколько проектов с ютуба, вроде что-то в голове отложилось , но что дальше делать - непонятно );1
А где-то учат разработке?);1
а кто как начинал осваивать джангу? Просто реально я еще даже без опыта в этом решил на ютубе курсы посмотреть ну там тоже ничего не понятно также все создают проект и сразу начинают писать код без объяснения думал куплю курс будет понятно купил и тоже самое, такое чувство будто это не курсы не понятные а я какой то тупой;1
а ты приобретал курс или на сливе? тож подумываю приобрести.. чтобы мотивацию приподнять и не бросать постоянно;1
"а что входит в
базового знания computer science
без которых не получится вкатиться?";1
А я чёт думаю о курсах по повышению своей квалификации как DevOps'а, но ничего умнее курсов и задач по kubernetes'у, Ansible, Terraform придумать не могу, так что если что есть на помете - тыкайте;1
вот поэтому чтобы такого не случилось я прошу посоветовать углубленные курсы где будет об этом сказанно;1
Всем привет, подскажите пожалуйста с чего надо начать чтобы стать Фротендером, какие книги что смотреть и изучать?;1
всем салам: есть ли видосы хорошие по изучение wordpress? на работе сегодня дали лэндинг проект на нем поэтому надо (капец лень) - и она же не сложная?;1
"Доброго времени суток, коллеги!
Посоветуйте хороший курс DBA по PostgreSQL. Платный/бесплатный не имеет большого значения.";1
"Доброго... Кто бы мог научить ts авторизацию, валидацию писать!? Смотрю отличный курс - https://youtu.be/hKxnj1CS1o4?si=R4Pf-fDSSzZGAQ0t 🌟🌟🌟🌟🌟прям все 5 звезд . (но без русских субтитров с3ч31м, - +переводчик нарезанный по 30минут mp3 с https://turboscribe.ai/ru/ ) выручает☝️ но остается многое трудно понятным. vds простаивает, деньги тикают.
...Шел 8 месяц от начала обучения fullstack 🤭";1
Добрый вечер, посоветуйте пожалуйста курс для новичков;1
жанга ещё жива?;1
"Здравствуйте! Кто может подсказать, хочу попробовать себя в backend
 но думаю в какой фреймворк лучше углубиться так как в дальнейшем
хочу работать именно в этой области у меня уже есть небольшой опыт в flask
НО думаю что он недостаточно мощный для больших сайтов думаю
перейти на django так как там более побольше инструментов и безопасность
и + я думаю что для работы изучать лучше django. Что скажете о моем мнение 
может дадите какой то важный совет, буду очень вам благодарен!";1
как можно повысить скиллы в коддинге?;1
Кто то может посоветовать какую то книгу или ресурс для изучения математики для ML на русском, уровень у меня в математике низкий сейчас;1
"Курсы задачники? А что ты из них почерпнул? 

Может, тоже курсы посмотреть, чтобы некоторые вещи нагляднее видеть, а то я только на доки полагаюсь";1
курсы расчитаны для новичков;1
Ммм ну такое себе... Может курсы?;1
Может реально на бэкэнд уйти? Там дела обстоят лучше?;1
"Можете посоветовать хорошие материалы/статьи по GIL и как он работает? 

Доки и 3 поста Тишки уже открыты, но подумал, может быть есть ещё какие-то интересные материалы на эту тему
(Думаю ещё прочитать статьи Андрея Светлова про это, но вот боюсь не слишком ли они устарели? Или на понимание gil не особо влияет его реализация на различных версиях?)";1
Надо в го свичнутьчя, хотябы бэком буду заниматься;1
Ну можешь если не трудно просто мне сказать что мне надо учить, Django-Flask, FastAPI и что еще надо ?;1
ну позже Django Буду изучать;1
Парни, кто то может посоветовать какой то быстрый курс по созданиям игр на Юнити и с# для юнити?;1
Подумываю скалу изучать действительно;1
Посоветуйте, где можно брать инфу для изучения джанго;1
привет, а как вы изучали джанго? Просто вот думаю изучить и сделать пару интернет магазинов на джанго по видосам на ютубе, но там как-будто бы нет четкого отслеживания структур тем;1
Привет, подскажите пожалуйста самый глубокий и полноценный курс по реакту. Что-то на уровне javascript-ninja по vue 3. Заранее спасибо;1
"Ребят, всем привет
Посоветуйте как базовые понятия, про репликацию, копирование индексов, таблиц и т.д., по pg быстрее всего выучить, попрактиковаться)";1
стоит ли помимо фронтенда еще бекенд изучить?;1
Так а как мне научиться писать сайт с flask? посмотрел курс от Гоши на ютубе, ну могу создать что то похожее на простой сайт, хочу как то поглубже углубиться в flask чтобы писать что то более большое, желательно Backend но могу и FULL - stack, пару дней курсы по css и html посмотреть и все. Сам я middle на С++/Си писал на протоколах boost asio, qt и т.д для логики решил дополнительно поучить flask чтобы хотя бы иметь небольшое представление как делаются сайты, не хочу учить js type.script так как это точно не мое, поэтому если знаете где можно посмотреть нормальный углубленный курс то скажите буду рад);1
"Те, которые проходили курс по asyncio от Александра Шибаева, как вам?
Описание кажется достойным, да и contents тоже. 

Спасибо огромное за ответы";1
я вот щас курсы для начинающих прохожу для бэка и хочу между ними выбрать в который углублюсь вот остался джанга;1
"Я отучился в Яндекс практикуме на питон разработчика, и чет рыночек уже месяц дает 0 ответов на отклики. Неужели Джанга не актуальна (или может Джуны не нужны там)? Что вообще актуально сейчас?

Какой стек нужен чтоб получить джуновскую вакансию в нормальной компании?";1
я просто уже не знаю что новое изучить я хочу что то не прям углубленное а такое чтоб можно было учить не более 17 ееч;1
"https://youtube.com/playlist?list=PLA0M1Bcd0w8yWHh2V70bTtbVxJICrnJHd&si=fi430Lm7lCfh7ZZ_


Этот курс хороший для новичков?";1
а где вообще их изучть можно? я читал только грокать алгоритмы;1
А есть курсы чтобы изучить просто базу?;1
А как юнит тесты писать?;1
А так в целом веб разработку по роадмап стоит учить?;1
"А что за курсы? 
Я начинал со скиллбокса
Но даже там такого не было";1
библиотеки лучше после js изучать?;1
Благодарю, какие советы дашь новичку в начале обучения?;1
Блин, я как мне без конкретных примеров изучить чистую архитектуру. С сухой теорией я ниче не пойму;1
В целом как рынок фронта? Как влияет нейросети и вайб кодинг, в интернете конечно много статей по этому поводу, но хотелось бы от самих разработчиков услышать... Стоит ли сейчас вкатыватся во фронт?;1
В целом я понял. Мне тут просто как посоветовал куратор, мол, иди в тестировщики,  быстрее втянешься в проект и доучишься затем. А если сразу учить разработку, то работу не найдешь;1
Все привет, я только начинаю учить программирование, можете подсказать какую книгу прочитать для HTML или Python языка;1
Все что я умею на данный момент делать самые самые и ещё раз самые простые задачки и самое тяжёлое что я сделал это самый простой калькулятор, дальше не понимаю что мне нужно изучить, слишком много вопросов;1
"Всем большой привет!
Народ подскажите пожалуйста как и где научится печатать коды на питоне, и соответственно уметь их читать. Может есть какие то лайф хаки, каналы и т.п. Или может совет какой нибудь. Вообщем все что поможет как можно быстрее научится читать коды.
Спасибо огромное за ранее)";1
"Всем привет

Посоветуйте хороший плейлист или канал для изучения фастапи";1
"всем привет
подскажите, мб знаете сервисы/курсы, где можно попрактиковать js/реакт для реальных задач? желательно бесплатно, но если проходили платные курсы-дайте отзыв пж))";1
Всем привет! Можете книги по систем дизайну для фронтов покидать?;1
Всем привет, подскажите, решил начать изучать Python для себя, с чего лучше начать?;1
"Всем привет, решил поменять что-то в жизни, начал изучать веб разработку, трачу на это 4 дня в неделю +-
html в принципе освоил, с css не все понятно
умею создавать страницу, заголовки и прочее что нужно для новичка, не понимаю пока что со стилями делать, подключать их умею, но какие именно нужны не могу понять, может есть сайт какой со всеми стилями?
создавать умею вторую страницу, кнопки, ссылки, цвета, размеры, и на этом этапе встал, не понимаю как фон добавлять и прочее, естественно можно у gpt спросить, но это намного все упрощает, думаю может есть сайт по css какой-нибудь со стилями, хотя бы основными
смотрел всякие курсы по css, там в основном вода, подключение и тд, не особо помогает, java ещё не изучал да и рано ещё
накидывал от балды сайт с машиной и это пока все, что получилось, вижу тут много ребят опытных, которые могут советом помочь)";1
Всем привет, стоит идти на курсы типа скилбокс с последующим трудоустройством?;1
Всем привет, стоит ли сейчас учить вебпак? Или просто обзорно посмотреть?;1
всем привет, хотел спросить как учить яп. учу сейчас питон, знаю базу (списки, кортежи, циклы, множества, словари, индексы и срезы). понимаю что есть ещё очень много чего но не знаю за что хвататься;1
Встал вопрос, кем лучше быть веб фуллстэк или ML инженером, как думаете?;1
"Доброго времени суток, у меня достаточно туповатый вопрос - как можно прокачаться в оптимизации SQL запросов?

На базовом уровне умею пользоваться EXPLAIN ANALYZE, понимаю, что nested loop на большом количестве строк - плохо, а merge join - хорошо, и прочие достаточно базовые вещи. Но зачастую этого просто не хватает и я стараюсь оптимизировать просто навешиванием индексов, что, имхо, не очень правильно.

Что можете посоветовать почитать/посмотреть по поводу? Заранее спасибо. Книги в закрепе смотрел, даже полистал, но там как будто не прям много именно про оптимизацию";1
Добрый вечер, можете поделиться хорошими ютуб каналами по обучению пайтон с направлением Backend?;1
Добрый вечер, не могли бы поделиться определенными ютуб каналами / книгами (если будет полезно) по бэкенду? Роадмап уже есть - https://roadmap.sh/backend. Но вот каналы которые обучают по направлению бэкенда трудно найти по сравнению с фронтендом.;1
Друзья, здравствуйте! Я начал изучать программирование, и мой выбор пал на Python. В этой сфере я ничего не знаю. Не могли бы вы подсказать сайт с уроками по Python или другие материалы, которые нужно будет изучить? Спасибо за информацию.;1
Думаю пайтон но как я и говорил, я новичок и могу знать не все. Изначально во фронтенде мне путь изучение казалось более четким (вот такие каналы обучают тебя таким стекам а эти люди обучают в ЯП именно те части которые понадобится во фронтенде а не масштабно и в других предназначениях профы), поэтому немного теряюсь в начале. Поэтому буду рад советам.;1
"Если будут советы по изучению, буду только рад.
С битры ухожу так как за 2 года ощущение что вообще ничего не узнал";1
"есть какие-то стажировки по Django? 
для начинающих";1
Здарова всем, я недавно начал изучать pgSQL в одиночку, сделал пару мини проектов и не знаю что делать дальше. Можете помочь или подсказать, что мне делать дальше, т.к я хочу развиваться дальше в этом направлении и набираться опыта;1
Здравствуйте как можно научится ИТ объясните пожалуйста;1
Здравствуйте! Возможно глупый вопрос, но можете подсказать, как бесплатный интерактивный курс по алгоритмам и структурам данных? Или как систематизировать свое обучение, чтобы сначала брать теорию, а потом подкреплять ее практикой, чтобы обучение проходило логично и планомерно?;1
Здравствуйте! Подскажите пожалуйста есть ли каналы по проектированию баз данных (диаграммы) для новичков? Может чтиво, сайты посоветуете... Спасибо!;1
"Здравствуйте!
Ребят, какого уровня должен быть пет проект python junior backend (django) разработчика для портфолио? Может, кто-то расскажет кто какие делал, интересно";1
Здравствуйте. Можете подсказать, что актуальнее сейчас изучать Oracle apex или postgresql?;1
"Здравствуйте. Почитала чат, поняла, что пока рано мне сюда)
Посоветуйте, пожалуйста, в ЛС чаты для новичков в анализе данных. 4 месяца изучаю SQL и статистику, хотелось бы обсуждать с будущими коллегами проблемы и их решения.
Спасибо!";1
Как в целом навыки получить какие-то по программированию,чтобы трудоустроится сам я в шараге учусь на программиста обучение здесь пиздец затянуто,только на 3-4 курсе начнем языки программирования изучать;1
как научиться разбираться в хорошем UX ?;1
Как создать сайт на питоне с нуля;1
КАК СОЗДАТЬ САЙТ НА РYTHON C НУЛЯ: С Базой Данных + Деплой [ДЛЯ НАЧИНАЮЩИХ];1
Как учиться;1
Как я буду практиковаться если не знаю что практикую;1
Какие бывают и как решаются проблемы в команде, как выглядит конфликт-менеджмент и т.д.;1
"Какие есть бест практикс? 

(БЕЗ ТРОЛЛИНГА ВОПРОС)";1
Какие есть идеи по проектам на пайтоне?;1
Какие есть хорошие курсы;1
Какие курсы можно посмотреть?;1
какие советы дадите?;1
Какой посоветуешь написать пет-проект?;1
"кто знает где можно найти какую то стажировку или галеру? Нет времени искать. Опыта как разраб много, коммерческого почти нет (так сложилось).
Пресуют уже) Надо куда то впрыгнуть(хотя бы отделаться от JC Германии). По тех части силен, не подведу";1
Кто то проходил курс на Яндекс практикуме по питону? Я слегка задушился с материала , там везде так?;1
кто то учится на курсах?;1
Люди добрые, кто может помочь с докером пожалуйста? Я впервые с ним работаю и не помешала бы помощь🙏(докерфайл уже установил);1
Мне лень, тогда уж курсы купить, чтобы самому не заморачиваться с этим.;1
Мне нужно базу сетей и линукса изучить;1
Модно мне бесплатный курс по кибербезопасноти;1
Можно ли самостоятельно научиться без всяких курсов или универов;1
насколько будет актуальная информация в курсе про веь-разработку 2021 года?;1
начал смотреть ребят на ютубе,  они верстают сайты и я повторяю за ними на практике, так лучше все переваривается;1
Ну аа где тогда можно обучиться посоветуйте мне курсы какие-то ну если не сложно;1
"Нужно сверстать небольшой сайт на реакте
С чего начинать?
Какие части верстать первым?
Нсть ли статья об этом?";1
Парни с чего лучше начать учить питон?;1
Парни, есть кто может помочь с кодами css и js для сайта ?;1
Парни, есть ли смысл изучать Go как альтернативу питухона ?;1
Парни, собираюсь тесты на Jest писать, посоветуйте плиз в каких кейсах их пишут;1
Подскажите,  правда что в дальнейшем атйишники будут менее востребованы? Стоит сейчас начинать учиться?;1
Пока занимаюсь на Яндекс курсе.;1
Посоветуйте курс по flask;1
Посоветуйте наставника по питону уровень senior. Оплачиваемо . Мне нужно чтобы наставник 1 день мне показал , как он работает с курсором и написал со мной программу .;1
Посоветуйте пожалуйста объёмный курс по HTML, я ещё новичок, особо не разбираюсь 😔;1
Посоветуйте пожалуйста уроки по питон или курсы;1
постепенно буду изучать все;1
Предположим у человека есть 6 месяцев чтобы начать работать. Допустим он так себе выделил столько времени. Максимум год. Как можно разложить по месяцам каждое направление обучения?;1
"привет всем
есть какие-то стажировки по Django?
для начинающих";1
привет всем, кто то может дать совет, как начинать разработку чего то, я например изучаю документацию, видео смотрю - все понимаю, но сам начать писать код не могу. есть какие нибудь статьи, книги или видео про разработку чето типо такого хз;1
Привет всем, кто-то знает хорошие ресурсы по FastApi?;1
Привет всем, порекомендуйте какую-нибудь книгу по изучению C для новичков. Такая чтоб не очень сложная для понимания.;1
Привет ребята, я новенький. Интересуюсь LLM и всем что с ними связано.;1
привет я тоже новичек, где изучаешь ts?;1
Привет 👋 не знаешь за сколько по времени если самодисциплина будет и усердно учить, можно выучить Kotlin?;1
Привет, всем! Начинаю изучать питон, увлекает. Есть кто, такие же как я после работы ищут время чтоб продвинуться в скилле ? Интересно много нас?);1
"Привет, есть тут джуны на vue js ?
Хочется пообщаться,поспрашивать кое-
что";1
привет, как сча работа реакт разработчиком?  пол года поучусь и на работу пойти над устроиться;1
"Привет, хочу изучить чистую архитектуру на примере fastapi и у меня два варианта: заброчить гпт, чтоб мне уроки составлял, либо же прочесть книгу «Микросервисы и API” (и то и то с практикой параллельной). Что лучше будет ? Ну во втором варианте я один фиг буду гпт задрачивать тоже и по мере обретения навыков хочу сервис такси написать. 

Читать или не читать - вот в чем вопрос. Все советы принимаю)";1
Привет, Я начинающий в пайтон пытаюсь что-то понять всего второй день, кто может посоветовать с чего начать и где развиваться;1
Привет. Ищу людей, которые возьмут меня фронтом за кусок хлеба поработать над проектом чисто, что бы руки набить и вспомнить что к чему;1
"Приветствую, хотел спросить совета у более опытных сотрудников. Сейчас тружусь в сфере инжиниринга, нашёл того, кто может помочь разобраться с it структурой, так как человек занимаетесь python разработкой, обучать будет на питоне, но встал вопрос. 

Идти в бэк разработку или идти на автотестировщика, так как я зеленый, особо не понимаю разницу, но всегда думал, что разработчики круче и сильнее тестировщиков, хотя мне говорят, что по зп одинаково, вход у тестов легче и вот теперь хотелось бы услышать ваше мнение.";1
Программист же должен знать хотя бы азы?;1
расскажите, как правильно, чтобы я усвоил;1
Ребят а где можно изучить кибербезопасноть;1
Ребят для изучения Линукс какие курсы посмотреть?;1
Ребят добрый вечер всем. Задам очень тупой вопрос я так предполагаю тут многие уже очень прошареные и хотелось бы у них спросить если ответят буду рад. Так вот. Я учусь на фронтенд я сейчас изучаю вот эти гриды, флексы изучил. Мне интересно откуда вы берете заказы и когда понять что ты готов брать. Я вот думаю что я то смогу сверстать сайт но сделать адаптив или например меню где нужно людям писать mail или другую информацию это я тоже не умею делать. Хотел бы узнать как понять что ты готов. Я боюсь начать и не знаю откуда начать брать и не уверен что кто-то посмотрим на меня среди других гигантов я как воздух с ними (невидим). Очень прошу ответить если знаете 🙏🏻;1
Ребят какие курсы посмотреть чтобы узнать о сетях;1
Ребят кто может посоветовать годный курс по питону на ютубе;1
Ребят подскажите где можно посмотреть гайд как создать сайт на питоне;1
ребят подскажите какой язык стоит изучать после питона;1
ребят сори за тупой вопрос сразу, просто реально хочется спросить, нужны ли сейчас джуны вообще? или сейчас для первой работы нужны примерно уровень мидла? без негатива пожалуйста...;1
Ребят хочу курс взять по Python разработчику на скилбоксе,те кто брали курсы у них,как вообще в дальнейшем помогают с трудоустройством и в целом курс стоит брать или нет ?;1
"ребят, как оцените реакт вообще 
он лучше вью?

думаю просто что изучать 

Я js ts 3 месяца изучаю 
и думаю вот фреймворк выбрать какой";1
Ребят, как учится, концентрироваться, давно не могу нормально все выучить и пройти собес, кто может помочь в лс. Буду очень благодарен);1
Ребят, подскажите какой-нибудь курсик бесплатный по нейронкам. Я чёт даже не знаю с чего подступиться чтобы со всякими файмтюнами и лангчейнами работать начать;1
ребят, подскажите, пожалуйста что можно поизучать по проектированию бд помимо нормальных форм?;1
Ребята, какой ЯП востребован в Бэкенде?;1
"ребята. я знаю что вы обычно помогаете советом)
не знаете как стажировку на фронтедера найти? а то просто скоро у меня источники закончатся куда подать можно";1
С кого лучше начать: эванс, фоулер, j2ee?;1
"С чего начать.
0. Практики
1. С основы - компьютерных технологий 
2. Основ баз данных
3. https://roadmap.sh/postgresql-dba
4. Изучения требований вакансий DBA";1
Сколько у вас ушло на изучение Пайтона?;1
Стоит ли перебегать на Go?;1
Те кто брали курсы у скилбокс какие впечатления,чему научили?;1
"товарищи, поделитесь материалами хорошими по полноценному реверсингу сайтов - как любой сайт реверсить, как всеми функциями в хроме правильно пользоваться и что для чего нужно 

мб видосы / статьи какие то есть";1
Товарищи, посоветуйте какой-нибудь видос, как работает интернет, http и https и т.п, база для бэкендера;1
Хм, а откуда архитекторы берут опыт? Или они с ним появляются, как монстры в играх?;1
Хотелось бы какие нибудь реальные задания, а то ИИ советует полную дичь, и то надо постоянно его направлять;1
Хочу знать мнение опытных спецов. Как в совершенстве можно овладеть такими технологиями как: postresql, api, sqlalchemy, fastapi, asyncio,aiohttp, httpx.;1
Хочу стать фронтед разработчиком, знаю питон, с чего можно начать, кто то может курсы какие то посоветовать, да и впринципе советы дать;1
"Честно говоря, раньше я совсем не задумывалась о таких вещах и не думала, что так резко захочу сменить специальность. Конечно, я уже не пятиклассница, но школу ещё не окончила — впереди всего один год до выпуска, а я до сих пор не знаю, кем хочу стать.

До этого я участвовала в олимпиадах по математике и химии, стремилась поступить в хороший вуз со стипендией, и в школе у меня всегда были только пятёрки. Но однажды я села и задумалась: действительно ли я хочу связать свою жизнь с тем, что выбрала раньше? Моя ли это мечта? И оказалось, что нет.

Сейчас почти каждый владеет английским, времена изменились. Я стала всё больше думать о том, чтобы пойти в сферу IT. Я спрашивала советов у разных людей: кто-то уже добился успеха самостоятельно, кто-то советует пройти определённые курсы. Но я задумалась: будет ли эта профессия востребована через 10–20 лет? Ведь искусственный интеллект уже сейчас выполняет множество задач. Может быть, мне стоит отказаться от этой идеи?

И вот я решила спросить у вас: какой путь прошли вы сами? Что можете посоветовать? Ведь у каждого есть свой опыт, своё видение и свой кругозор, а вы уже успели пройти больше и лучше понимаете, как устроен мир";1
"что лучше выбрать? 

Год изучаю python самостоятельно, пока работу так и не нашел, коммерческого опыта вообще нет.

Сейчас есть возможность пойти в школу c# от Контура на 6 месяцев и остаться на стажировку, ну придется полностью сменить язык, или лучше на питоне оставаться, сейчас такая же
большая конкуренция?";1
Что нужно уметь и куда приходить собеседоваться?;1
Что проще вспомнить Qt или изучить tkinter?;1
Я изучаю язык, разные подходы, но практически постоянно спотыкаюсь об какую-то тупую херню;1
я курс прохожу один по sql, как думаете он норм?https://sql-academy.org/ru/guide;1
Я начинающий бекенд разработчик, ищу в команду мобильного разработчика для совместного создания коммерческих проектов. Могу уделять пару часов в день на это. В идеале конечно найти еще и маркетолога. Интересно можно найти единомышленников, которые готовы работать на энтузиазме как и я;1
Я новичок и хочу попробовать поизучать это направление, если будут странности в вопросах извините.;1
Я с ними никак не связан. Просто хотел узнать что за курсы;1
язык программирования какой изучать;1
"Хорошо, задам)
мне нужна структура, и план по изучению фронтенда
от самого начала, до разработки самостоятельных приложений, и возможности поиска первого места работы";1
Хм, и с чего начать, в таком случае?;1
